<?xml version="1.0"?>
<data grt_format="2.0">
  <value _ptr_="0x600003c05e00" type="list" content-type="object" content-struct-name="db.mgmt.Connection">
    <value type="object" struct-name="db.mgmt.Connection" id="1025F576-3E9A-4C52-82EA-4539CFA1539B" struct-checksum="0x96ba47d8">
      <link type="object" struct-name="db.mgmt.Driver" key="driver">com.mysql.rdbms.mysql.driver.native</link>
      <value type="string" key="hostIdentifier">Mysql@localhost:3306</value>
      <value type="int" key="isDefault">0</value>
      <value _ptr_="0x600003cbe280" type="dict" key="modules"/>
      <value _ptr_="0x600003cbe2e0" type="dict" key="parameterValues">
        <value type="string" key="DbSqlEditor:LastDefaultSchema">finaldb</value>
        <value type="string" key="SQL_MODE"></value>
        <value type="string" key="hostName">localhost</value>
        <value type="int" key="lastConnected">1671508482</value>
        <value type="string" key="password"></value>
        <value type="int" key="port">3306</value>
        <value type="string" key="serverVersion">8.0.31</value>
        <value type="string" key="sslCA"></value>
        <value type="string" key="sslCert"></value>
        <value type="string" key="sslCipher"></value>
        <value type="string" key="sslKey"></value>
        <value type="int" key="useSSL">1</value>
        <value type="string" key="userName">root</value>
      </value>
      <value type="string" key="name">Local instance 3306</value>
      <link type="object" struct-name="GrtObject" key="owner">1B1BF7BB-8B24-468A-8360-8A8D35092F79</link>
    </value>
    <value type="object" struct-name="db.mgmt.Connection" id="B1D700B8-BE44-4D98-9EE0-23FCC2B4EA01" struct-checksum="0x96ba47d8">
      <link type="object" struct-name="db.mgmt.Driver" key="driver">com.mysql.rdbms.mysql.driver.native</link>
      <value type="string" key="hostIdentifier">Mysql@127.0.0.1:3306</value>
      <value type="int" key="isDefault">0</value>
      <value _ptr_="0x600003cbe340" type="dict" key="modules"/>
      <value _ptr_="0x600003cbe3a0" type="dict" key="parameterValues">
        <value type="string" key="SQL_MODE"></value>
        <value type="string" key="hostName">127.0.0.1</value>
        <value type="int" key="lastConnected">1666156873</value>
        <value type="string" key="password"></value>
        <value type="int" key="port">3306</value>
        <value type="string" key="schema"></value>
        <value type="string" key="serverVersion">8.0.29</value>
        <value type="string" key="sslCA"></value>
        <value type="string" key="sslCert"></value>
        <value type="string" key="sslCipher"></value>
        <value type="string" key="sslKey"></value>
        <value type="int" key="useSSL">1</value>
        <value type="string" key="userName">newuser1</value>
      </value>
      <value type="string" key="name">newconn</value>
      <link type="object" struct-name="GrtObject" key="owner">1B1BF7BB-8B24-468A-8360-8A8D35092F79</link>
    </value>
    <value type="object" struct-name="db.mgmt.Connection" id="3B74E206-3460-4D5F-87D8-30FED7F0EAB1" struct-checksum="0x96ba47d8">
      <link type="object" struct-name="db.mgmt.Driver" key="driver">com.mysql.rdbms.mysql.driver.native</link>
      <value type="string" key="hostIdentifier">Mysql@118.67.133.36:3306</value>
      <value type="int" key="isDefault">1</value>
      <value _ptr_="0x600003cbe400" type="dict" key="modules"/>
      <value _ptr_="0x600003cbe460" type="dict" key="parameterValues">
        <value type="string" key="DbSqlEditor:LastDefaultSchema">springdb</value>
        <value type="string" key="SQL_MODE"></value>
        <value type="string" key="hostName">118.67.133.36</value>
        <value type="int" key="lastConnected">1663048792</value>
        <value type="string" key="password"></value>
        <value type="int" key="port">3306</value>
        <value type="string" key="schema">springdb</value>
        <value type="string" key="serverVersion">8.0.30</value>
        <value type="string" key="sslCA"></value>
        <value type="string" key="sslCert"></value>
        <value type="string" key="sslCipher"></value>
        <value type="string" key="sslKey"></value>
        <value type="int" key="useSSL">1</value>
        <value type="string" key="userName">springuser</value>
      </value>
      <value type="string" key="name">naver-spring</value>
      <link type="object" struct-name="GrtObject" key="owner">1B1BF7BB-8B24-468A-8360-8A8D35092F79</link>
    </value>
    <value type="object" struct-name="db.mgmt.Connection" id="9E6D0B2B-AEEE-41EC-92AF-88CCBAF37640" struct-checksum="0x96ba47d8">
      <link type="object" struct-name="db.mgmt.Driver" key="driver">com.mysql.rdbms.mysql.driver.native</link>
      <value type="string" key="hostIdentifier">Mysql@49.50.160.205:3306</value>
      <value type="int" key="isDefault">0</value>
      <value _ptr_="0x600003cbe4c0" type="dict" key="modules"/>
      <value _ptr_="0x600003cbe520" type="dict" key="parameterValues">
        <value type="string" key="DbSqlEditor:LastDefaultSchema">finaldb</value>
        <value type="string" key="SQL_MODE"></value>
        <value type="string" key="hostName">49.50.160.205</value>
        <value type="int" key="lastConnected">1663848324</value>
        <value type="string" key="password"></value>
        <value type="int" key="port">3306</value>
        <value type="string" key="schema">finaldb</value>
        <value type="string" key="serverVersion">8.0.30</value>
        <value type="string" key="sslCA"></value>
        <value type="string" key="sslCert"></value>
        <value type="string" key="sslCipher"></value>
        <value type="string" key="sslKey"></value>
        <value type="int" key="useSSL">1</value>
        <value type="string" key="userName">springuser</value>
      </value>
      <value type="string" key="name">finaldb</value>
      <link type="object" struct-name="GrtObject" key="owner">1B1BF7BB-8B24-468A-8360-8A8D35092F79</link>
    </value>
    <value type="object" struct-name="db.mgmt.Connection" id="85672B74-D5B1-470F-BF1B-35E891C2DCCA" struct-checksum="0x96ba47d8">
      <link type="object" struct-name="db.mgmt.Driver" key="driver">com.mysql.rdbms.mysql.driver.native</link>
      <value type="string" key="hostIdentifier">Mysql@49.50.163.161:3306</value>
      <value type="int" key="isDefault">0</value>
      <value _ptr_="0x600003cbe580" type="dict" key="modules"/>
      <value _ptr_="0x600003cbe5e0" type="dict" key="parameterValues">
        <value type="string" key="SQL_MODE"></value>
        <value type="string" key="hostName">49.50.163.161</value>
        <value type="int" key="lastConnected">1664004603</value>
        <value type="string" key="password"></value>
        <value type="int" key="port">3306</value>
        <value type="string" key="schema">finaldb</value>
        <value type="string" key="serverVersion">8.0.30</value>
        <value type="string" key="sslCA"></value>
        <value type="string" key="sslCert"></value>
        <value type="string" key="sslCipher"></value>
        <value type="string" key="sslKey"></value>
        <value type="int" key="useSSL">1</value>
        <value type="string" key="userName">springuser</value>
      </value>
      <value type="string" key="name">finaldb_backUp_Server</value>
      <link type="object" struct-name="GrtObject" key="owner">1B1BF7BB-8B24-468A-8360-8A8D35092F79</link>
    </value>
  </value>
</data>
