<?xml version="1.0"?>
<data grt_format="2.0">
  <value _ptr_="0x600003c05b60" type="list" content-type="object" content-struct-name="db.mgmt.ServerInstance">
    <value type="object" struct-name="db.mgmt.ServerInstance" id="906ABF81-4AC5-45AB-96B7-6B05514F3C2D" struct-checksum="0x367436e2">
      <link type="object" struct-name="db.mgmt.Connection" key="connection">1025F576-3E9A-4C52-82EA-4539CFA1539B</link>
      <value _ptr_="0x600003c01c80" type="dict" key="loginInfo"/>
      <value _ptr_="0x600003c02340" type="dict" key="serverInfo">
        <value type="string" key="basedir">/opt/homebrew/Cellar/mysql/8.0.29/</value>
        <value type="string" key="datadir">/opt/homebrew/var/mysql/</value>
        <value type="string" key="detected_os_name">macOS</value>
        <value type="string" key="detected_os_type">darwin</value>
        <value type="string" key="detected_os_variant">macOS</value>
        <value type="string" key="detected_os_version">12.4</value>
        <value type="string" key="errorLogFilePath">SANGui-MacBookPro.local.err</value>
        <value type="string" key="generalLogFilePath">/opt/homebrew/var/mysql/SANGui-MacBookPro.log</value>
        <value type="string" key="serverVersion">8.0.29</value>
        <value type="int" key="setupPending">0</value>
        <value type="string" key="slowLogFilePath">/opt/homebrew/var/mysql/SANGui-MacBookPro-slow.log</value>
        <value type="string" key="sys.config.path">/etc/my.cnf</value>
        <value type="string" key="sys.config.section">mysqld</value>
        <value type="string" key="sys.mysqld.start">launchctl load -F /Library/LaunchDaemons/com.oracle.oss.mysql.mysqld.plist</value>
        <value type="string" key="sys.mysqld.stop">launchctl unload -F /Library/LaunchDaemons/com.oracle.oss.mysql.mysqld.plist</value>
        <value type="string" key="sys.preset">macOS (MySQL Package)</value>
        <value type="string" key="sys.sudo"></value>
        <value type="string" key="sys.system">macOS</value>
        <value type="int" key="sys.usesudo">0</value>
        <value type="int" key="sys.usesudostatus">0</value>
      </value>
      <value type="string" key="name">Local 3306</value>
    </value>
    <value type="object" struct-name="db.mgmt.ServerInstance" id="1E4089EC-3B52-44D3-AF8A-A6BB87F819BB" struct-checksum="0x367436e2">
      <link type="object" struct-name="db.mgmt.Connection" key="connection">B1D700B8-BE44-4D98-9EE0-23FCC2B4EA01</link>
      <value _ptr_="0x600003c03ae0" type="dict" key="loginInfo">
        <value type="string" key="ssh.hostName"></value>
        <value type="string" key="ssh.key">~/.ssh/ssh_private_key</value>
        <value type="string" key="ssh.localPort">3306</value>
        <value type="int" key="ssh.useKey">0</value>
        <value type="string" key="ssh.userName">mysql</value>
      </value>
      <value _ptr_="0x600003c021c0" type="dict" key="serverInfo">
        <value type="int" key="setupPending">0</value>
        <value type="string" key="sys.sudo"></value>
      </value>
      <value type="string" key="name">newconn</value>
    </value>
    <value type="object" struct-name="db.mgmt.ServerInstance" id="09018052-43E7-411B-8419-CE9E1B045E7D" struct-checksum="0x367436e2">
      <link type="object" struct-name="db.mgmt.Connection" key="connection">3B74E206-3460-4D5F-87D8-30FED7F0EAB1</link>
      <value _ptr_="0x600003c022e0" type="dict" key="loginInfo">
        <value type="string" key="ssh.hostName"></value>
        <value type="string" key="ssh.key">~/.ssh/ssh_private_key</value>
        <value type="string" key="ssh.localPort">3306</value>
        <value type="int" key="ssh.useKey">0</value>
        <value type="string" key="ssh.userName">mysql</value>
      </value>
      <value _ptr_="0x600003c01b00" type="dict" key="serverInfo">
        <value type="int" key="setupPending">0</value>
        <value type="string" key="sys.sudo"></value>
      </value>
      <value type="string" key="name">naver-spring</value>
    </value>
    <value type="object" struct-name="db.mgmt.ServerInstance" id="868C04A1-6223-4481-A617-BF977738B09A" struct-checksum="0x367436e2">
      <link type="object" struct-name="db.mgmt.Connection" key="connection">9E6D0B2B-AEEE-41EC-92AF-88CCBAF37640</link>
      <value _ptr_="0x600003c01b60" type="dict" key="loginInfo"/>
      <value _ptr_="0x600003c03ea0" type="dict" key="serverInfo">
        <value type="int" key="setupPending">1</value>
      </value>
      <value type="string" key="name">finaldb</value>
    </value>
    <value type="object" struct-name="db.mgmt.ServerInstance" id="581506D5-E98B-4207-BEDB-8F4695B4CADD" struct-checksum="0x367436e2">
      <link type="object" struct-name="db.mgmt.Connection" key="connection">85672B74-D5B1-470F-BF1B-35E891C2DCCA</link>
      <value _ptr_="0x600003c01920" type="dict" key="loginInfo"/>
      <value _ptr_="0x600003c01c20" type="dict" key="serverInfo">
        <value type="int" key="setupPending">1</value>
      </value>
      <value type="string" key="name">finaldb_backUp_Server</value>
    </value>
  </value>
</data>
